nucleotide	counts	linear	log10
C	0	0	0
A	0	0	0
A	0	0	0
G	0	0	0
C	0	0	0
T	0	0	0
C	0	0	0
A	533	4.78498967591346	2.72672720902657
A	2481	22.2730945327229	3.39462676427221
A	198	1.77753837866954	2.29666519026153
C	946	8.49268336475447	2.97589113640179
T	1663	14.9295268875123	3.22089224921952
C	558	5.00942633988688	2.74663419893758
A	539	4.83885447526708	2.73158876518674
C	574	5.15306580482988	2.75891189239797
T	568	5.09920100547625	2.75434833571102
C	48	0.430918394828979	1.68124123737559
C	14	0.125684531825119	1.14612803567824
A	8	0.0718197324714965	0.903089986991944
A	0	0	0
T	0	0	0
